AADI	cfatz2
AALI	bn8zk2
ABBA	bkf9ec
ABDA	bkf9h7
ABMM	bkf9k2
ACES	bn8zyc
ACRO	cc48gh
ACST	bkf9pr
ADCP	c59mf2
ADES	bkf9sm
ADHI	bn9127
ADMF	bkf9yc
ADMG	bn9152
ADMR	c4pl52
ADRO	bn917w
AEGS	carobh
AGAR	bsu9xm
AGII	bkfa7w
AGRO	bkfaar
AGRS	bkfadm
AHAP	bkfagh
AIMS	bkfajc
AISA	bkfam7
AKKU	bkfctc
AKPI	bkfcw7
AKRA	bkfcz2
AKSI	bkfd2w
ALDO	bkfd5r
ALII	ccanzr
ALKA	bkfd8m
ALMI	bkfdbh
ALTO	bkfdec
AMAG	bkfchw
AMAN	btysar
AMAR	btf6a2
AMFG	bkfckr
AMIN	bkfcnm
AMMN	ca993m
AMMS	c6yaw7
AMOR	btfbw7
AMRT	bkfcqh
ANDI	bgrwf2
ANJT	bkfem7
ANTM	bn8zmw
APEX	bkferw
APIC	bkfeur
APII	bkfexm
APLI	bkff1h
APLN	bkff4c
ARCI	c2il1h
AREA	ccsom7
ARGO	bkff77
ARII	bkffa2
ARKA	bqtwtc
ARKO	c6qaqh
ARNA	bkfffr
ARTA	bkffim
ARTO	bkffoc
ASBI	bkffzr
ASDM	bkfg3m
ASGR	bkfg6h
ASHA	c6a3yc
ASII	bn91gh
ASJT	bkfgc7
ASLC	c4xl52
ASLI	cc41ww
ASMI	bkfgf2
ASPI	btr8pr
ASPR	chbyjc
ASRI	bkfghw
ASRM	bkfgkr
ASSA	bkfgnm
ATAP	bwzup2
ATIC	bkffr7
ATLA	ccwjvh
AUTO	bkffu2
AVIA	c4bepr
AWAN	c9f9yc
AXIO	c6v4pr
AYAM	cbkfkr
AYLS	btox8m
BABP	bkfgqh
BABY	carnqh
BACA	bkfgtc
BAIK	ccbzar
BAJA	bkfgw7
BALI	bkfgz2
BANK	bxjrc7
BAPA	bkfh2w
BAPI	breeur
BATA	bkflyc
BATR	cddzvh
BAUT	c4xpm7
BAYU	bkfm27
BBCA	bn91jc
BBHI	bkfm7w
BBKP	bkfmar
BBLD	bkfmdm
BBMD	bkfmgh
BBNI	bn91m7
BBRI	bn91p2
BBRM	bkfmrw
BBSI	bvpgvh
BBSS	bu9cqh
BBTN	bkfmur
BBYB	bkfmxm
BCAP	bkfn1h
BCIC	bgt4rw
BCIP	bkfn4c
BDKR	c8zmyc
BDMN	bn91rw
BEBS	bzv7ar
BEEF	bokavh
BEER	c8if77
BEKS	bkfna2
BELI	c7svnm
BELL	bkfncw
BESS	btyakr
BEST	bkfh5r
BFIN	bkfh8m
BGTG	bkfhbh
BHAT	bua6k2
BHIT	bkfhec
BIKE	c5iucw
BIMA	bkfkz2
BINA	bn92u2
BINO	c45tp2
BIPI	bn92ww
BIPP	bkfl8m
BIRD	bkflbh
BISI	bn92zr
BJBR	bkflh7
BJTM	bn936h
BKDP	bkflmw
BKSL	bkflpr
BKSW	bkflsm
BLES	cdlvh7
BLOG	chc7m7
BLTA	bgt5u2
BLTZ	bkflvh
BLUE	bqrgar
BMAS	bkfoqh
BMBL	c8isqh
BMHS	c2md4c
BMRI	bn939c
BMSR	bkfow7
BMTR	bkfoz2
BNBA	bkfp2w
BNBR	bn93c7
BNGA	bkfp8m
BNII	bn93f2
BNLI	bn93hw
BOAT	cf4yu2
BOBA	c3wioc
BOGA	bkfph7
BOLA	bqe3p2
BOLT	bkfpk2
BPFI	bkfppr
BPII	bkfpsm
BPTR	bgth1h
BRAM	bkfpvh
BREN	cb1ra2
BRIS	bgtha2
BRMS	bn924c
BRNA	bkfq27
BRPT	bn9277
BRRC	cflfa2
BSBK	c7svhw
BSDE	bkfq7w
BSIM	bn92a2
BSML	c4is3m
BSSR	bkfqdm
BSWD	bkfqgh
BTEK	bkfqjc
BTON	bkfqp2
BTPN	bkfqrw
BTPS	bgtwjc
BUAH	c71dyc
BUDI	bkfqur
BUKA	c2wgkr
BUKK	bkfqxm
BULL	bkfnu2
BUMI	bn92fr
BUVA	bkfnzr
BVIC	bkfo3m
BWPT	bn92im
BYAN	bn92lh
CAKK	bne4c7
CAMP	bkfoc7
CANI	bkfof2
CARE	btysdm
CARS	bkfohw
CASA	bkfokr
CASH	bufc7w
CASS	bkfonm
CBDK	cflejc
CBPE	c8ipmw
CBRE	c8ifww
CBUT	c7sxgh
CCSI	bqh6ar
CDIA	chdaw7
CEKA	bkfkqh
CENT	bkfktc
CFIN	bkfkw7
CGAS	cc45zr
CHEK	chddzr
CHEM	c6qahw
CHIP	c8qlmw
CINT	bkfnfr
CITA	bkfnim
CITY	bjs6w7
CLAY	bona52
CLEO	bkfnoc
CLPI	bkfnr7
CMNP	bn93kr
CMNT	c3bxcw
CMPP	bkgku2
CMRY	c4b81h
CNKO	bkgkzr
CNMA	cagkkr
COAL	c78lp2
COCO	bpfy1h
COIN	chc7p2
CPIN	bn93nm
CPRO	bkgl9c
CRAB	c71ep2
CRSN	ca9dnm
CSAP	bn93z2
CSIS	bkglf2
CSMI	bua4a2
CSRA	btf6cw
CTBN	bkglhw
CTRA	bn942w
CTTH	bkglnm
CUAN	c8ztf2
CYBR	caj9jc
DAAZ	cf3dr7
DADA	btov1h
DART	bkglqh
DATA	cd3e27
DAYA	bkgltc
DCII	bxbr3m
DEFI	bkglw7
DEPO	c461k2
DEWA	bn93qh
DEWI	c6t4oc
DFAM	bkgm2w
DGIK	bkgm5r
DGNS	bxbs2w
DGWG	cfl46h
DIGI	bguqr7
DILD	bn93tc
DIVA	bny8f2
DKFT	bkgmbh
DKHH	cgo8rw
DLTA	bkgn52
DMAS	bkgn7w
DMMX	bsh6z2
DMND	bti2qh
DNAR	bkgnar
DNET	bkgndm
DOID	bkgngh
DOOH	c9pg52
DOSS	cecd8m
DPNS	bkgnjc
DPUM	bkgnm7
DRMA	c4is9c
DSFI	bkgnp2
DSNG	bkgnrw
DSSA	bn94ec
DUTI	bn94h7
DVLA	bkgmsm
DWGL	bkgmvh
DYAN	bkgmyc
EAST	bqrjmw
ECII	bkgn27
EDGE	bxmmkr
EKAD	bkgmec
ELIT	c8ifcw
ELPI	c71dh7
ELSA	bkgmh7
ELTY	bn94k2
EMAS	ci4x5r
EMDE	bkgo77
EMTK	bkgocw
ENAK	c53nww
ENRG	bkgofr
ENZO	bvqna2
EPAC	buzekr
EPMT	bkgoim
ERAA	bkgolh
ERAL	cakb4c
ERTX	bkgooc
ESIP	bsq1dm
ESSA	bkgnxm
ESTA	btxltc
ESTI	bkgo1h
EURO	c6zylh
EXCL	bn94pr
FAPA	bx7mww
FAST	bkgor7
FASW	bkgou2
FILM	bgva7w
FIMP	c1paqh
FIRE	bkgozr
FISH	bkgp3m
FITT	bqcw2w
FLMC	c2p22w
FMII	bkgp9c
FOLK	caj9ar
FOOD	bohgur
FORE	cghp7w
FORU	bkgpc7
FPNI	bkgphw
FUJI	bqrhww
FUTR	c8xc2w
FWCT	c8no4c
GDST	bkgpnm
GDYR	bkgpqh
GEMA	bkgptc
GEMS	bkgpw7
GGRM	bn94vh
GGRP	brivww
GHON	bkgq2w
GIAA	bkgq5r
GJTL	bn9527
GLOB	bgveur
GLVA	bt94fr
GMFI	bkgqbh
GMTD	bkgqk2
GOLD	bkgqmw
GOLF	cdml52
GOOD	bkgqsm
GOTO	c5tv8m
GPRA	bkgqvh
GPSO	c39qp2
GRIA	cakam7
GRPH	cc65vh
GRPM	ca9bar
GSMF	bkgqec
GTBO	bkgqh7
GTRA	c9a7c7
GTSI	c3atkr
GULA	c6ybbh
GUNA	cdm6oc
GWSA	bkgqyc
GZCO	bkgr27
HADE	bkgr52
HAIS	c3839c
HAJJ	c9c9z2
HALO	c8snbh
HATM	c6vxxm
HBAT	caj5ur
HDFA	bkgr7w
HDIT	bqsr9c
HEAL	bgvigh
HELI	bkgrdm
HERO	bkgrgh
HEXA	bn95ar
HGII	cfl3r7
HILL	c8xfhw
HITS	bkgrm7
HMSP	bn95jc
HOKI	bkgrur
HOMI	bvpl7w
HOPE	c24y52
HRME	bpplhw
HRTA	bkgs4c
HRUM	bn957w
HUMI	caj9p2
HYGN	ccbzjc
IATA	bkgsa2
IBFN	bkgscw
IBOS	c5z1vh
IBST	bkgsfr
ICBP	bkgsim
ICON	bkgslh
IDEA	c3at9c
IDPR	bkgsoc
IFII	bt26w7
IFSH	bsua4c
IGAR	bkgsr7
IKAI	bkgsww
IKAN	btov4c
IKBI	bkgszr
IKPM	cbetnm
IMAS	bkguk2
IMJS	bkgumw
IMPC	bkgupr
INAI	bkguvh
INCF	bkguyc
INCI	bkgv27
INCO	bn96cw
INDF	bn96fr
INDO	btf6ww
INDR	bkgvar
INDS	bkgvdm
INDX	bkgvgh
INDY	bkgvjc
INET	caehu2
INKP	bn96im
INOV	bqtw6h
INPC	bkgttc
INPP	bkgtw7
INPS	bkgtz2
INRU	bkgu2w
INTA	bkgu5r
INTD	bkgu8m
INTP	bn95m7
IOTF	cb1mar
IPAC	c2ip4c
IPCC	bgvlmw
IPCM	bkguec
IPOL	bkguh7
IPTV	bqrdim
IRRA	bs6n9c
IRSX	c8ptdm
ISAP	c87m5r
ISAT	bn95p2
ISEA	cdmkyc
ISSP	bn95rw
ITIC	bqptyc
ITMA	bkgt9c
ITMG	bn95ur
JARR	c6yb2w
JAST	bpztur
JATI	c9pikr
JAWA	bkgtf2
JAYA	bp3fkr
JECC	bkgthw
JGLE	bkgtkr
JIHD	bkgtnm
JKON	bn95xm
JMAS	bkgwcw
JPFA	bkgwfr
JRPT	bkgwim
JSMR	bn964c
JSPT	bkgwr7
JTPE	bkgwu2
KAEF	bkgvp2
KAQI	cg3ah7
KARW	bkgvrw
KBAG	bu8obh
KBLI	bkgvur
KBLM	bkgvxm
KBLV	bkgw1h
KDSI	bkgwww
KDTN	c7sxar
KEEN	brdma2
KEJU	bss8im
KETR	c7x3cw
KIAS	bgw8lh
KICI	bkgwzr
KIJA	bkgx3m
KING	c8v3jc
KINO	bkgx6h
KIOS	bkgx9c
KJEN	bqoa1h
KKES	c71dsm
KKGI	bkgxqh
KLAS	c9zg9c
KLBF	bn96u2
KLIN	c71ear
KMDS	bvpjz2
KMTR	bkgxw7
KOBX	bkgxz2
KOCI	cazma2
KOIN	bkgy2w
KOKA	cb2m5r
KONI	bkgy5r
KOPI	bkgy8m
KOTA	bqspm7
KPIG	bkgxf2
KRAS	bn96zr
KREN	bkgxnm
KRYA	c6vopr
KSIX	cfl4f2
KUAS	c3tgqh
LABA	c2ekur
LABS	cdml7w
LAJU	c8ni2w
LAND	bgwfxm
LAPD	bkgybh
LCKM	bkgyh7
LEAD	bkgyk2
LFLO	c1g5f2
LIFE	bqsrz2
LINK	bkgymw
LION	bkgypr
LIVE	ccbz52
LMAX	caj9gh
LMPI	bkgyyc
LMSH	bkgz27
LOPI	cb2a2w
LPCK	bkgz52
LPGI	bkgz7w
LPIN	bkgzar
LPKR	bn99ar
LPLI	bn99dm
LPPF	bkgzjc
LPPS	bn99gh
LRNA	bkgzp2
LSIP	bn99jc
LTLS	bkgzur
LUCK	bny8z2
LUCY	c1zlh7
MAHA	caem3m
MAIN	bkh177
MANG	cc463m
MAPA	bgwzm7
MAPB	bkh1cw
MAPI	bn98pr
MARI	bkh1im
MARK	bkh1lh
MASB	c2jw8m
MAXI	c9zd5r
MAYA	bkh1r7
MBAP	bkh1u2
MBMA	c9fe52
MBSS	bkh1ww
MBTO	bkh1zr
MCAS	bkh23m
MCOL	c3apnm
MCOR	bkh26h
MDIA	bkh2c7
MDIY	cff1lh
MDKA	bkh2f2
MDKI	bkh2hw
MDLA	cgbphw
MDLN	bkh2kr
MDRN	bkh2nm
MEDC	bn9a77
MEDS	c71idm
MEGA	bkh2tc
MEJA	ccbqh7
MENN	c9fbu2
MERI	che6cw
MERK	bkh2w7
MFMI	bkh35r
MGLV	c2cba2
MGNA	bkh38m
MGRO	bgxdcw
MHKI	ccwk27
MICE	bn9afr
MIDI	bn9aim
MIKA	bkh3h7
MINA	bkh427
MINE	cg3epr
MIRA	bkh452
MITI	bkh47w
MKAP	ccbrar
MKPI	bkh4dm
MKTR	c7sz6h
MLBI	bkh4gh
MLIA	bkh4jc
MLPL	bn9alh
MLPT	bkh4p2
MMIX	c87lz2
MMLP	bkh4rw
MNCN	bkh4ur
MOLI	b9fksm
MORA	c6zya2
MPIX	ccbqmw
MPMX	bkh3mw
MPOW	bkh3pr
MPPA	bn9azr
MPRO	bkh3vh
MPXL	c9ql7w
MRAT	bkh3yc
MREI	bkhcur
MSIE	cakqgh
MSIN	bgy7nm
MSJA	cc466h
MSKY	bkhcxm
MSTI	cbe9qh
MTDL	bkhd1h
MTEL	c45acw
MTFN	bgy82w
MTLA	bkhd4c
MTMH	c5w4lh
MTPS	bpmq9c
MTSM	bkhda2
MTWI	bkhdfr
MUTU	cajgyc
MYOH	bkhcgh
MYOR	bn9bkr
MYTX	bkhcp2
NAIK	cf6abh
NANO	c5es5r
NASA	bkhc52
NASI	c4earw
NATO	bor3r7
NAYZ	c8pvw7
NCKL	c9dmnm
NELY	bkhcar
NEST	cecdh7
NETV	c4zpnm
NFCX	bh2cm7
NICE	cc46f2
NICK	bkhdoc
NICL	c2og3m
NIKL	bkhdr7
NINE	c87ih7
NIRO	bkhdww
NISP	bkhdzr
NOBU	bkhe3m
NPGF	c1mpp2
NRCA	bkhe9c
NSSS	c92ssm
NTBK	c53nim
NZIA	brkv8m
OASA	bkhdim
OBAT	cflf77
OBMD	c4dnkr
OILS	c3a84c
OKAS	bkhdlh
OLIV	c64i27
OMED	c7t2jc
OMRE	bkhekr
OPMS	brkez2
PACK	c8sn2w
PADA	c87qyc
PADI	bkheqh
PALM	bkhetc
PAMG	bqrcxm
PANI	bh3952
PANR	bkhez2
PANS	bkhf2w
PART	cdlta2
PBID	bkhf5r
PBRX	bkhf8m
PBSA	bkhfbh
PCAR	bkhfec
PDES	bkhfh7
PDPP	c7wzkr
PEGE	bkhfk2
PEHA	boeyr7
PEVE	c8lqu2
PGAS	bn9ch7
PGEO	c8wmc7
PGJO	btf6im
PGLI	bkhfpr
PGUN	bv2tpr
PICO	bkhfvh
PIPA	c9cy5r
PJAA	bkhfyc
PKPK	bkhh1h
PLAN	bvsmnm
PLIN	bkhh77
PMJS	bt81mw
PMMP	bx3rtc
PMUI	che6fr
PNBN	bn9d27
PNBS	bn9d52
PNGO	bvilbh
PNIN	bkhhfr
PNLF	bn9d7w
PNSE	bkhhlh
POLA	bnw452
POLI	bokeh7
POLU	bqiq5r
POLY	bkhg27
PORT	bkhg7w
POWR	bn9dar
PPGL	bv7ka2
PPRE	bkhgdm
PPRI	caj5xm
PPRO	bkhggh
PRAY	c7svf2
PRDA	bkhgm7
PRIM	bh3bnm
PSAB	bkhgp2
PSDN	bkhgrw
PSGO	bssb7w
PSKT	bkhgur
PSSI	bkhgxm
PTBA	bn9i4c
PTDU	bwzbim
PTIS	bkhif2
PTMP	c8zh3m
PTMR	cese7w
PTPP	bkhihw
PTPS	cb26pr
PTPW	btowc7
PTRO	bkhinm
PTSN	bkhiqh
PTSP	bkhitc
PUDP	bkhiw7
PURA	btjqcw
PURI	bvmvlh
PWON	bkhiz2
PYFA	bkhj2w
PZZA	bh3dar
RAAM	c9pg7w
RAFI	c6zy1h
RAJA	bkhhu2
RALS	bn9iim
RANC	bkhhzr
RATU	cfl3oc
RBMS	bkhi3m
RCCC	c6y4ur
RDTX	bkhi6h
REAL	bsxdzr
RELF	ca43u2
RELI	bkhi9c
RGAS	cbe25r
RICY	bkhj5r
RIGS	bkhj8m
RISE	bh3par
RMKE	c4bf52
RMKO	cafyoc
ROCK	bvpnqh
RODA	bkhkur
RONY	bua477
ROTI	bkhkxm
RSCH	caoza2
RSGK	c3atf2
RUIS	bkhjh7
RUNS	c3athw
SAFE	bh4khw
SAGE	c8ztkr
SAME	bkhl1h
SAMF	bu77h7
SAPX	bkhl4c
SATU	bnmpyc
SBMA	c3apw7
SCCO	bkhl77
SCMA	bkhla2
SCNP	bvpljc
SDMU	bkhlcw
SDPC	bkhlfr
SDRA	bkhlim
SEMA	c4s94c
SFAN	bqigoc
SGER	bvdqa2
SGRO	bn9j9c
SHID	bkhlww
SHIP	bkhlzr
SICO	c5tatc
SIDO	bkhm6h
SILO	bn9jnm
SIMP	bkhmf2
SINI	bsn27w
SIPD	bkhpzr
SKBM	bkhq3m
SKLT	bkhq6h
SKRN	bkhqc7
SLIS	bs6kh7
SMAR	bkhrmw
SMBR	bn9lar
SMCB	bn9ldm
SMDM	bkhryc
SMDR	bkhs27
SMGA	cc93tc
SMGR	bn9lgh
SMIL	c9r7oc
SMKL	bqrfh7
SMKM	c5gqk2
SMLE	cc45oc
SMMA	bkhs7w
SMMT	bkhsar
SMRA	bn9ljc
SMSM	bkhsjc
SNLK	c1c3ur
SOCI	bkhmkr
SOFA	bv1prw
SOHO	bvpia2
SOLA	cd3j77
SONA	bkhmqh
SOSS	borblh
SOTS	bo5fk2
SOUL	c8hmu2
SPMA	bkhqhw
SPRE	cdllww
SPTO	bh4tpr
SQMI	bkhqkr
SRAJ	bkhqnm
SRSN	bkhqw7
SRTG	bkhqz2
SSIA	bkhr2w
SSMS	bkhr5r
SSTM	bkhr8m
STAA	c5grjc
STAR	bkhrbh
STRK	cb1rcw
STTP	bkhrec
SULI	bn9l52
SUNI	c8irzr
SUPR	bkhsp2
SURE	bkhsrw
SURI	cbriz2
SWAT	bh4xyc
SWID	c6q9ww
TALF	bkhsxm
TAMA	btnwec
TAMU	bkht1h
TAPG	c1pha2
TARA	bkht4c
TAXI	bkhta2
TAYS	c4bfdm
TBIG	bkhtcw
TBLA	bn9m77
TBMS	bkhtim
TCID	bkhtlh
TCPI	bh55nm
TEBE	bsqufr
TELE	bkhtr7
TFAS	brgc52
TFCO	bkhtzr
TGKA	bkhu6h
TGRA	bkhu9c
TGUK	ca99f2
TIFA	bkhuc7
TINS	bn9o2w
TIRA	bkhunm
TIRT	bkhuqh
TKIM	bn9o5r
TLDN	c5tiqh
TLKM	bn9o8m
TMAS	bn9oec
TMPO	bkhv8m
TNCA	bh5cim
TOBA	bkhvk2
TOOL	c71edm
TOSK	ccbqk2
TOTL	bn9ok2
TOTO	bkhvsm
TOWR	bn9omw
TPIA	bkhvyc
TPMA	bkhw27
TRGU	c6qatc
TRIM	bki2lh
TRIN	btfcbh
TRIS	bki2oc
TRJA	bviktc
TRON	c8zthw
TRST	bki2u2
TRUE	c2cfa2
TRUK	bh7r6h
TRUS	bki2zr
TSPC	bki33m
TUGU	bh72cw
TYRE	c9pfpr
UANG	bv1qlh
UCID	bt7nnm
UDNG	cbazxm
UFOE	bxjur7
ULTJ	bki36h
UNIC	bki39c
UNIQ	bzv6mw
UNSP	bn9pjc
UNTD	ccanww
UNTR	bn9pm7
UNVR	bn9pp2
URBN	bo5fsm
UVCR	c2ruww
VAST	c8sn8m
VERN	cesblh
VICI	bx3pp2
VICO	bki3nm
VINS	bki3qh
VISI	cchqzr
VIVA	bki45r
VKTR	ca2e9c
VOKS	bki4bh
VRNA	bki4k2
VTNY	c89txm
WAPO	bki4mw
WEGE	bki4pr
WEHA	bki4sm
WGSH	c4bevh
WICO	bki76h
WIDI	ca9dkr
WIFI	bx86dm
WIIM	bki79c
WIKA	bn9q77
WINE	c8isf2
WINR	c5yu77
WINS	bn9qa2
WIRG	c5o9z2
WMUU	bxjkec
WOMF	bki7hw
WOOD	bki7kr
WOWS	bsnwf2
WSBP	bki7z2
WTON	bn9r9c
YELO	bnehec
YOII	cfl49c
YPAS	bki8bh
YULE	bki7nm
YUPI	cgaarw
ZATA	c7x3im
ZBRA	bhacdm
ZINC	bki7qh
ZONE	bo5fyc
ZYRX	c1c1kr
